prolific_pid,sentence_id,rewrite_code,justification
695f9e1ac4ae21f2fbffdd83,2,categorical,The rewrite asserts that people must not be disregarded when passing down knowledge without any conditional language restricting this right to only when cultural traditions are necessary for unity.
5b9845dfae52a00001482c02,2,categorical,"The participant combines the necessity statement and the right assertion with 'and', treating them as co-equal statements rather than making the right contingent on the necessity condition, and asserts the right without any scope-limiting language."
69c55b66d8ade7f9bd6109d6,2,categorical,"The rewrite uses 'Since' to provide a causal/justificatory explanation for why the right exists, but then asserts that people 'must always be allowed' to share knowledge without any conditional language restricting the right's scope."
69829bc1224b28f0538900d5,2,categorical,"The rewrite asserts that you cannot interfere with a group's culture and its transmission across generations as an unconditional principle, without any language making this right contingent on the necessity condition being met."
60fd39703a387e7cfb6893b7,2,categorical,"The rewrite uses 'so' to connect the necessity condition to the conclusion that the right must not be infringed, presenting this as a causal/justificatory relationship where the necessity explains why the right should be protected, rather than limiting when the right applies."
5c439193f114f2000195658e,2,categorical,The rewrite asserts that cultural traditions should not be stopped as a general principle without any conditional language or scope limitations tied to when they are necessary for fostering unity.
607a7b7d300ce256f51706bd,2,categorical,"The rewrite uses 'so' to connect the necessity (bringing community together) to the conclusion that the tradition shouldn't be taken away, presenting this as a causal/justificatory relationship rather than making the right conditional on the necessity being met."
5563984afdf99b672b5749b6,3,ambiguous,"This rewrite is a near-verbatim copy of the original sentence with only trivial word substitutions (marketplace→selling venue, necessary→essential, people→humans, revoked→taken away) and preserves the exact same grammatical structure without revealing the participant's interpretation."
67d94f701307ac0887c44909,3,categorical,The rewrite asserts that people should not be stopped from exchanging goods without any conditional language restricting this right to situations where a marketplace is necessary.
5eb339ee6290bc124b8549a6,3,categorical,The rewrite asserts that people have a right to buy and sell without any conditional language - it presents the necessity as a separate factual statement joined by 'and' rather than making the right contingent on the necessity condition.
5934a676e7866d0001618b81,3,categorical,"The rewrite uses 'so' to connect the necessity condition to the right, presenting this as a causal/justificatory relationship where the necessity explains why the right exists, rather than limiting when the right applies."
62951acd624dba0f4429d988,3,categorical,"The rewrite presents regulation as necessary to preserve an existing right to trade and sell goods, treating the right as a given entitlement that needs protection rather than as conditional on the marketplace being properly organized."
5ff591cba89e1b000bfb9852,3,categorical,"The participant dropped the operative clause about rights entirely and only restated the necessity condition as a factual claim, which is a categorical pattern since they focused on the factual assertion without introducing any conditionality."
603006ea5f6c24dfc908f835,3,categorical,"The rewrite treats the marketplace as a necessity that should never be revoked and states it gives people the right to trade, presenting this as a causal relationship where the necessity justifies the right rather than conditioning the right on specific circumstances."
63fa78f21e485a372c6528fa,3,categorical,"The rewrite asserts that selling or trading goods is an essential right without any conditional language limiting when this right applies, treating it as an unconditional entitlement."
697a3e05586eec9f8feaa099,4,categorical,"The participant separated the two clauses into independent statements, asserting the right unconditionally in the first sentence while stating the necessity as a separate fact in the second sentence, with no conditional language linking them."
67433b6e21271e2da703ee36,4,categorical,"The rewrite asserts that people's ability to store provisions 'should not be changed' as a general principle, without any conditional language limiting this right to only when food reserves are necessary."
674bea1eb044fbe75795fef1,4,categorical,"The participant restructured the sentence using 'and' to join food security/the right with the well-supplied food reserve as co-equal statements that must not be denied, without any conditional or scope-limiting language."
5dcc27974b54778b69e62ec5,4,categorical,The rewrite asserts that people should be allowed to keep food stores as a general principle without any conditional language or scope limitations tied to food security or necessity conditions.
69bb280e6e28c90a72ace7c8,5,categorical,The rewrite asserts that access to weather information should not be stopped without any conditional language limiting this right to only when weather stations are necessary - it treats the right to access as unconditional.
5e8f53644b34ff22d9b3a1c5,5,categorical,"The rewrite asserts that weather stations must be maintained to avoid violating people's rights, presenting the right as an existing entitlement that would be violated if the stations weren't maintained, rather than making the right contingent on the necessity condition."
628ecc32276d54517f4c004d,5,categorical,"The rewrite asserts the right as an unconditional entitlement without any conditional or scope-limiting language, treating the necessity as a justification for why the right exists rather than a condition that limits when it applies."
5cab69f77ea4a700019a87dc,5,ambiguous,"The participant only restated the necessity condition without including any mention of the right or operative clause, making it impossible to determine whether they viewed the right as categorical or conditional."
6949ca3d2fa32d8101dea6a7,5,categorical,"The rewrite uses causal/justificatory language ('Because of this') to explain WHY people must have the right, treating the necessity as the reason the right exists rather than a condition that limits when the right applies."
6632ed07883d9dc97c9c7ac7,6,categorical,"The rewrite asserts that the right to defend land must not be taken away without any conditional language limiting this right to only when a dam is necessary, treating it as an unconditional principle."
699f8c2be613af5932f0aa8f,6,categorical,"The rewrite asserts that both the dam necessity and the right to defend land are essential and must not be revoked, treating them as co-equal statements without making the right conditional on the necessity condition."
652d8a4cd08c6435db58fd9b,6,categorical,"The rewrite asserts that a dam must not be taken away as an unconditional statement, dropping both the necessity condition and any language that would make the right contingent on specific circumstances."
558f226dfdf99b6ebd36218a,7,ambiguous,The rewrite is grammatically broken and unclear - it's uncertain what 'a tended field must not be infringed' means or how the necessity condition and rights relate to each other in this fragmented structure.
66059fee43339868e5634461,7,categorical,"The rewrite asserts that agricultural land should not be used for other purposes as a general principle, without any conditional language linking this protection to the necessity of harvest or any other contingency."
696171405853fc35f15a4872,7,categorical,"The rewrite uses 'as' to connect the necessity condition to the right in a causal/justificatory manner, explaining WHY the right exists rather than restricting WHEN it applies, and asserts the right unconditionally."
5dd384887c0ebc382f0a919e,7,categorical,"The rewrite asserts the right as an unconditional entitlement that the government cannot restrict, without any language making this right contingent on the necessity condition being met."
663e41d7c44e04a78a45a70f,7,categorical,"The participant used 'Because' to connect the necessity to the right, which creates a causal/justificatory relationship explaining WHY the right exists rather than limiting WHEN it applies."
660eab035821349c9d01e870,7,ambiguous,"The sentence is grammatically incomplete, trailing off with 'and not to interfere with' without completing the thought, making it impossible to determine the participant's intended meaning regarding the right and its relationship to the necessity condition."
6630e36ad79d4c0051a4b2ee,7,conditional,"The rewrite uses the restrictive relative clause 'that is necessary for the seasonal harvest' to limit the scope of protection to only those fields that serve this specific function, making the right contingent on the necessity condition."
663a8c84b8e7c046d854c8dd,8,categorical,"The rewrite asserts that dispensing medicine 'is the right of the people and must not be violated' without any conditional or scope-limiting language, treating the right as an unconditional entitlement rather than one contingent on the pharmacy being necessary."
630bbdba33a8711f454d81d9,8,categorical,"The rewrite uses 'Therefore' to connect the necessity statement to the rights assertion, presenting the necessity as a justification for why the right exists rather than a condition that limits when the right applies."
66e0585aeee549c122da5983,9,categorical,"The rewrite asserts that cooks need their own space and should not be crowded as a general principle, without any conditional language limiting this right to specific circumstances where kitchens are necessary."
69bdd9c01353d737b5014313,9,categorical,"The rewrite asserts that both the functional kitchen and the right to assemble cooking spaces must not be infringed, combining them with 'and' as co-equal statements without making the right contingent on the necessity condition."
5af3c4e197a14300017d3f49,9,categorical,"The rewrite uses 'since' to provide a causal/justificatory connection between the necessity and the right, presenting the right as unconditionally protected rather than contingent on the necessity condition being met."
654bc148c95bca00d541ec33,9,categorical,"The participant dropped the operative clause about the right entirely and only restated the necessity condition as a factual claim, which indicates they are treating it as an independent statement rather than introducing any conditionality."
673550c9e80fcc54f9fff8ea,9,categorical,"The rewrite asserts that the right must not be infringed without any conditional or scope-limiting language, treating it as an unconditional entitlement rather than one contingent on the necessity condition being met."
66442ca351653be6d0357e94,9,categorical,"The rewrite asserts that having a functional kitchen 'is a right that people have' without any conditional or scope-limiting language, presenting the right as an unconditional entitlement rather than one that only applies when kitchens are necessary."
68dd6ada1c06b7f58ff4020c,9,categorical,"The rewrite asserts that people must have the right to a functional kitchen as an unconditional statement, without any language restricting this right to only when or only if kitchens are necessary for meal preparation."
631542cace8d3c032e1acbd0,10,categorical,"The rewrite asserts that people have a right to grow community gardens and this right should not be taken away, presenting it as an unconditional entitlement without any language restricting the right to situations where gardens are necessary."
66491e9882aaa64c5d0911d5,10,categorical,"The rewrite asserts that the community garden plot must not be infringed as an unconditional statement, without any conditional language that would limit this right to only when or if the plot is needed for growing vegetables."
670d2af9c00f086b201e9f70,10,categorical,"The rewrite uses 'and' to join the necessity condition with the right as co-equal statements rather than making the right contingent on the necessity, and asserts that the right 'must not be infringed upon' without any conditional or scope-limiting language."
69a273aa8ea44b93a7c318fa,10,categorical,The rewrite asserts that people must have access to a garden as an unconditional requirement without any language restricting this right to cases where community gardens are necessary for growing vegetables.
5abc3250a3ba7a0001b44c37,10,categorical,The rewrite asserts that a community plot should be allowed as a general principle without any conditional language linking this right to the necessity of growing vegetables.
6977b954b3edb022aeb019c8,10,categorical,"The rewrite asserts that people should have the right to plant and grow food as a general principle, with the necessity of community garden plots provided as justification ('because') rather than as a condition that limits when the right applies."
5f48dab70aa4ce3aa1914003,11,categorical,The rewrite asserts that people should be allowed to dig and waterproof spaces without any conditional language limiting this right to specific circumstances where dry basements are needed.
60fd6618f9a377f54dcdf318,11,categorical,"The rewrite uses causal language ('because') to explain why the right exists, presenting the necessity as justification for an unconditional right rather than as a condition that limits when the right applies."
5c6709ab926a5b0001eb29c1,11,categorical,"The rewrite uses 'so' to connect the necessity to the right, presenting a causal/justificatory relationship where the need for dry basements explains why people should have the right, rather than limiting the right's scope to only when basements are needed."
67456b8ca7f25ce61e1d6ecd,12,categorical,"The rewrite asserts that the marked parking area must not be infringed upon as an unconditional statement, without any language making this protection contingent on when or if the necessity condition is met."
6989f01e85ed4cec632af20e,12,categorical,"The rewrite asserts that the marked parking area 'must not be infringed' as an unconditional statement, with no language restricting this right to only when or only if the necessity condition is met."
663afb4c74805516d7983f27,12,categorical,The rewrite asserts the right to parking as an unconditional entitlement without any language restricting its scope to situations where marked parking areas are necessary for vehicle storage.
67c8fb2ae4ed762b14a281ff,13,categorical,"The rewrite asserts the right as a fact ('It's the right of the people to set anchors') without any conditional language, and the necessity condition ('which require access to water') is presented as a descriptive detail about anchoring rather than a scope-limiting condition on when the right applies."
697c9f1edb33c56303f887a2,13,categorical,"The rewrite asserts that the right to set anchors must not be revoked without any conditional or scope-limiting language, presenting it as an unconditional statement rather than contingent on the harbor being necessary."
6314c1e76c3f71e2127f1976,13,categorical,"The rewrite asserts that 'we cannot revoke people's right to set anchors along the shore' as an unconditional statement, with no language restricting the right's scope to only when or only if the harbor is necessary."
5df861926aab7c5f659dfd85,13,categorical,The rewrite asserts people's rights as unconditional facts without any language making these rights contingent on the harbor being necessary or serviceable.
675a1c9c5cac55bc951ff999,13,categorical,"The rewrite presents the harbor as 'a necessity' without any conditional language limiting when or under what circumstances people have the right to set anchors, treating it as an unconditional factual statement."
6679dc943f855ba978447c25,13,categorical,"The rewrite uses 'therefore' to connect the necessity condition to the right, presenting a causal/justificatory relationship where the necessity explains WHY the right exists, not WHEN it applies conditionally."
5ba2a73912cbb600017c8852,14,categorical,"The rewrite asserts that the legal system (which includes the right to assemble as jurors) is crucial for justice and must not be impeded, presenting this as an unconditional statement without any scope-limiting language that would make the right contingent on specific conditions."
5e987098f1bb6707dca13f5b,14,categorical,The rewrite asserts that nothing can interfere with the legal system and associated rights without any conditional language - it presents these as absolute protections rather than rights that apply only when or if the legal system is necessary.
69ba27d8069a7a4a2764ed9f,14,categorical,"The rewrite presents the necessity as a factual statement and asserts the right without any conditional or scope-limiting language, treating the right as holding unconditionally rather than being contingent on the necessity condition."
6960343acf19206f6efe5fbb,14,categorical,The rewrite asserts that legal systems 'must be allowed to work' without any conditional language restricting this right to only when or if the necessity condition is met - it presents the right as an unconditional requirement.
664b699bc372e4bacee22ecb,14,categorical,"The rewrite uses 'in order to' which presents the legal system as a means to preserve an existing right, treating the right to assemble and be jurors as something that already exists and needs to be maintained, rather than as conditional on the legal system's necessity."
5cce9b46b09ec90015f3ef05,14,categorical,"The rewrite combines the necessity statement and the right assertion with 'and', treating them as co-equal statements rather than making the right contingent on the necessity condition."
674222658982ea9f4a1084cd,14,categorical,"The rewrite asserts that the justice system includes the right of people to gather and be jurors as a factual statement, without any conditional or scope-limiting language that would restrict this right to only when certain conditions are met."
6997410a54242a13f5369786,14,ambiguous,"This is a near-verbatim copy of the original sentence with only trivial grammatical changes (replacing 'being necessary' with 'is necessary'), making it impossible to determine the participant's interpretation of the logical relationship between the clauses."
68114b50b766b8f5b3b6cc8e,14,categorical,The rewrite presents two separate facts joined by 'and' - that a legal system is needed for court cases and that people have the right to act as jurors - without any conditional language making the right contingent on the necessity condition being met.
673feeafa80a279f5cc63e33,15,conditional,"The rewrite uses a restrictive relative clause 'that's used to inform the public' which limits the right to only those press institutions that actually serve the informational function, making the right contingent on meeting that condition."
5d617ba9364f9a0019f1dac3,15,categorical,"The rewrite uses 'therefore' to connect the necessity to the right, presenting a causal/justificatory relationship where the necessity explains WHY the right exists rather than establishing WHEN it applies conditionally."
5fb9b9c1c62f408e51e09e32,15,categorical,"The rewrite asserts that a free press company has the right to publish information and cannot be stopped, without any conditional language restricting this right to only when or if the press is necessary for informing the public."
583ec287ad2f4300014b355a,15,categorical,"The rewrite asserts that people have the right to publish and spread information as a general fact, with the free press being described as 'vital' serving as justification for why this right exists rather than limiting when it applies."
6443231fbc6350e4ee5f2f25,15,categorical,"The rewrite uses 'since' to provide a causal/justificatory explanation for why the right exists, but does not restrict the scope of the right to only when the necessity condition is met - it asserts the right as holding generally because of this necessity."
6553953daddeb31f9794b59c,15,categorical,"The rewrite asserts that a free press institution's right to publish and distribute information must not be impeded, without any conditional or scope-limiting language that would restrict this right only to cases where it's necessary for an informed public."
6673701229fb4b09358389b2,16,categorical,"The rewrite asserts that having a representative group 'is a right' without any conditional or scope-limiting language, presenting the right as an unconditional entitlement rather than contingent on specific circumstances."
66394a85480ce632bd94e2db,16,categorical,"The rewrite asserts the right as an unconditional entitlement without any language restricting its scope to situations where a town council is necessary, and completely drops the prefatory necessity condition."
63c5c3192e709e19fc67d5dd,16,categorical,"The rewrite asserts that 'The people have the right to assemble, and this right must not be violated' as an unconditional statement without any language restricting this right to situations where a town council is necessary."
66c0f464e0ff62798027b486,16,categorical,The rewrite asserts the right as 'always' holding without any conditional language or scope limitations tied to the necessity of a town council.
606f9bca353fc36aba9ccb8b,17,ambiguous,"This is a near-verbatim copy of the original sentence with only the trivial substitution of 'essential' for 'necessary', so the participant did not transform the sentence enough to reveal their interpretation."
62ac97a08ab6bf8042c7cedf,17,ambiguous,"The rewrite is an incomplete fragment that trails off without a main clause or clear statement about rights, making it impossible to determine whether the participant interpreted the right as categorical or conditional."
5f0e9896f5e4e11e12c8f5ac,17,categorical,"The rewrite drops the necessity condition entirely and simply asserts that postal service is a right that must be maintained, presenting it as an unconditional entitlement rather than one contingent on civic communication needs."
697facb19a7b7ac623ab7a2e,17,categorical,"The rewrite uses causal language ('because it is the people's right') to explain why the postal network must not be disrupted, presenting the right as an unconditional justification rather than making it contingent on the necessity condition being met."
6562177a48308eebbb6359ea,17,categorical,"The rewrite combines the necessity condition and the right with 'and', treating them as co-equal statements rather than making the right contingent on the necessity condition."
6992a19454a45d78b75baba5,17,categorical,"The rewrite asserts that a postal network must be established without any conditional or scope-limiting language, treating it as an unconditional requirement rather than one contingent on the necessity condition being met."
67f0594a515f87615a292723,17,ambiguous,"This is a near-verbatim copy of the original sentence with only trivial rearrangement of clauses and a spelling error, providing no meaningful transformation that would reveal the participant's interpretation of the logical relationship."
69c553153fe38731aa30e607,17,categorical,"The rewrite uses 'so' to connect the necessity of postal networks to the conclusion that they must not be disrupted, presenting this as a causal/justificatory relationship rather than making the right conditional on the necessity being met."
69541b501339e5505ee16911,17,categorical,The rewrite asserts people's right to a postal network and correspondence as unconditional entitlements without any language restricting these rights to situations where civic communication is necessary.
66e4c4358de330a06b4d33f1,18,categorical,"The rewrite asserts the right to public transportation as an imperative that must never be revoked, without any conditional language or scope limitations tied to the necessity condition."
5be76e0505e5cd00017a1f8e,18,categorical,"The participant combined the prefatory and operative clauses with 'and', treating the necessity condition and the right as co-equal statements rather than making the right contingent on the necessity."
695fc7c7bada72260c08be8d,18,categorical,The rewrite asserts that bus transit should be protected as a general principle without any conditional language or scope limitations tied to when it is necessary for urban mobility.
664b8bef90cdb799d4c4c35d,18,categorical,"The rewrite joins the necessity statement and the rights statement with 'and', treating them as co-equal assertions rather than making the right contingent on the necessity condition."
69a65cb77a65aab485084932,19,categorical,The rewrite asserts that the right of a consumer corporation should not be violated without any conditional or scope-limiting language that would restrict this right only to cases where fair access to goods is necessary.
66926bdaacd865fc152ef5ff,19,categorical,"The rewrite uses 'therefore' to connect the necessity to the right, presenting the necessity as a justification for why the right exists rather than as a condition that limits when the right applies."
66e739f07dd765fe0446ddb7,20,categorical,"The rewrite asserts that medical responders have an unconditional right that shall not be infringed, without any language making this right contingent on necessity conditions or emergency situations."
6612b3449105fbfa6c67d9c1,20,ambiguous,"This rewrite is an incomplete fragment that lacks a main clause or predicate, making it impossible to determine whether the participant viewed the right as categorical or conditional."
69b885c83f7ae2b8458c6624,20,categorical,"The rewrite uses causal language ('because') to explain why the right exists rather than when it applies, presenting the right as an unconditional entitlement that people should have."
675354c455030f7ac6a19d47,20,categorical,"The rewrite uses causal language ('because') to explain WHY the right exists rather than limiting WHEN it applies, presenting the right as an unconditional entitlement justified by the necessity rather than contingent upon it."
69c2f312f7b9af2ef2a137f7,20,categorical,"The participant dropped both the necessity condition and the full description of the right, but asserted that medical responders 'shall not be infringed' as an unconditional statement without any scope-limiting language."
